,,Birthplace,Other Cities,County,education,adult residence,place of burial,Lifespan,,Colors,,,,
"Agee, James",James Agee,#null,#null,Hale,#null,#null,,1909-1955,,,Died Outside AL,,,
"Andrews Shipman, Mary Raymond",Mary Raymond Shipman Andrews,Mobile ,#Null,Mobile,#null,#null,,1860-1936,,,Died in AL,,,
"Atkins, Ace",Ace Atkins,Troy,Auburn,Pike and Lee ," Auburn, Lee ",#null,,1970-PRESENT,,,Not Dead,,,
"Bailey, Douglas Fields",Douglas Fields Bailey,Dothan,"Birmingham, and Tuscaloosa","Houston, Jefferson, and Tuscaloosa "," Birmingham, Jefferson; Tuscaloosa, Tuscaloosa ",Dothan,"Dothan, Houston ",1912-1987,,,Random Message on line 48,,,
"Baldwin, Joseph Glover",Joseph Glover Baldwin,#null,"Gainesville,Tuscaloosa, Livingston, and Mobile"," Sumter, Tuscaloosa, and Mobile ",,"Gainesville,Livingston, and Mobile ",,1815-1864,,,Put onto Geographical Map ,,,
"Barr, John Gorman",John Gorman Barr,#null,#null,#null,"Tuscaloosa, Tuscaloosa",Tuscaloosa,,1823-1858,,,,,,
"Barrax, Gerald W.",Gerald W. Barrax,Attalla,#Null,Etowah,#null,#null,,1933-2019,,,,,,
"Barton, Marlin",Marlin Barton,Montgomery,Forkland and Tuscaloosa,"Montgomery, Greene, and Tuscaloosa "," Tuscaloosa, Tuscaloosa ",Montgomery,,1961-PRESENT,,,,,,
"Bartram, William",William Bartram,#Null,#Null,"Baldwin, Butler, Conecuh, Elmore, Escambia, Lowndes, Macon, Mobile, Monroe, Montgomery, Russell, and Tallapoosa",,#null,,1739-1823,,,,,,
"Beecher, John",John Beecher,#Null,"Birmingham, Tuscaloosa and Montgomery "," Jefferson ,Tuscaloosa, and Montgomery"," Tuscaloosa, Tuscaloosa ",Birmingham and Montgomery ,,1904-1980,,,,,,
"Bell, Robert",Robert Bell,Tarrant City,"Fairhope,Birmingham, and Mobile "," Jefferson, Baldwin, Jefferson, and Mobile ","Birmingham, Jefferson ","Mobile, Fairhope",,1926-1999,,,,,,
"Bensko, John",John Bensko,Birmingham,Decatur and Tuscaloosa,"Jefferson, Morgan, Tuscaloosa","Tuscaloosa, Tuscaloosa and Auburn, Lee",Decatur,,1949-PRESENT,,,,,,
"Bethea, Jack",Jack Bethea,Birmingham,#Null,Jefferson,#null,Birmingham,"Birmingham, Jefferson",1892-1928,,,,,,
"Blassingame, Wyatt",Wyatt Blassingame,Demopolis,"Birmingham, Tuscaloosa, and Montgomery","Marengo, Jefferson, Tuscaloosa, and Montgomery "," Birmingham, Jefferson and Marion,Perry and Tuscaloosa, Tuscaloosa ",Montgomery,,1909-1985,,,,,,
"Bontemps, Arna",Arna Bontemps,#Null,#Null,Madison,#null,Huntsville,,1902-1973,,,,,,
"Bragg, Rick",Rick Bragg,Piedmont,"Possum Trot, Jacksonville, Anniston, Birmingham,  Fairhope, and Tuscaloosa ","Calhoun, Jefferson, Baldwin, and Tuscaloosa ","Jacksonville, Calhoun"," Jacksonville, Anniston, Birmingham, Fairhope, and Tuscaloosa ",,1959-PRESENT,,,,,,
"Brown, Joe David",Joe David Brown,Birmingham,Tuscaloosa and Dothan," Jefferson, Tuscaloosa, and Houston "," Tuscaloosa, Tuscaloosa ",Birmingham and Dothan,,1915-1976,,,,,,
"Brown, Mary Ward",Mary Ward Brown,Hamburg,"Marion, Auburn, and Tuscaloosa"," Perry, Lee, and Tuscaloosa "," Marion, Perry; Tuscaloosa, Tuscaloosa ",Hamburg and Auburn,"Marion, Perry",1917-2013,,,,,,
"Brown, Virginia Pounds",Virginia Pounds Brown,Birmingham,#Null, Jefferson ,#Null,Birmingham,"Birmingham, Jefferson",1916-2014,,,,,,
"Buffett, Jimmy",Jimmy Buffett,#Null,Mobile and Auburn,Mobile and Lee ," Auburn, Lee ",#Null,,1946-2023,,,,,,
"Butler, Darren J. ",Darren J. Butler,Decatur,#Null,Morgan,#Null,#Null,,1967-PRESENT,,,,,,
"Butterworth, W.E.",W.E. Butterworth,#Null,Fairhope,Baldwin ,,,"Daphne, Baldwin",1929-2019,,,,,,
"Capote, Truman",Truman Capote,#Null,Monroeville,Monroe,,#Null,,1924-1984,,,,,,
"Carmer, Carl",Carl Carmer,#Null,Tuscaloosa,Tuscaloosa,#Null,Tuscaloosa,,1893-1976,,,,,,
"Carr, Archie",Archie Carr,Mobile,#Null,Mobile,,,,1909-1987,,,,,,
"Carter, Forrest",Forrest Carter,Oxford,"Birmingham, Anniston, and Montgomery","Calhoun, Jefferson, and Montgomery ",,"Birmingham, Anniston, and  Montgomery "," Anniston, Calhoun ",1925-1979,,,,,,
"Cason, Clarence",Clarence Cason,Ragland,"Talladega, Tuscaloosa, and Birmingham","St. Clair County, Talladega, Tuscaloosa, and Jefferson ","Tuscaloosa, Tuscaloosa ",Tuscaloosa and Birmingham,"Tuscaloosa, Tuscaloosa ",1896-1935,,,,,,
"Childers, James Saxon",James Saxon Childers,Birmingham,#Null,Jefferson,#null,Birmingham,,1899-1965,,,,,,
"Childress, Mark",Mark Childress,Monroeville,"Tuscaloosa, Birmingham, and Magnolia Springs","Monroe,Tuscaloosa, Jefferson, and Baldwin "," Tuscaloosa, Tuscaloosa ",Birmingham and Magnolia Springs,,1957-PRESENT,,,,,,
"Clarke, John Henrik",John Henrik Clarke,Union Springs,#Null,Bullock,,,,1915-1998,,,,,,
"Clemens, Jeremiah",Jeremiah Clemens,Huntsville,Tuscaloosa ,"Madison, Franklin, and Tuscaloosa ","#null, Franklin County and Tuscaloosa, Tuscaloosa ",Huntsville,,1814-1865,,,,,,
"Cline Jr., C. Terry",C. Terry Cline Jr.,Birmingham,"Dothan, Mobile, and Fairhope","Jefferson, Houston, Mobile, and Baldwin ",," Dothan, Mobile, and Fairhope",,1935-2013,,,,,,
"Cobb, William",William Cobb,Eutaw,"Demopolis,Gilbertown,Livingston, and Montevallo"," Greene,Marengo, Choctaw, Sumter, and Shelby ","Livingston, Sumter ", Montevallo,,1937-2020,,,,,,
"Cocke, Zitella",Zitella Cocke,Marion,Mobile and Gadsden,"Perry, Mobile, and Etowah ","Marion, Perry ","Marion, Mobile, and Gadsden","Marion, Perry",1840-1929,,,,,,
"Cohen, Octavus Roy",Octavus Roy Cohen,#Null,Birmingham,Jefferson ,,Birmingham,,1891-1959,,,,,,
"Coleman, Lonnie",Lonnie Coleman,Montgomery ,Tuscaloosa,Montgomery and Tuscaloosa ,"Tuscaloosa, Tuscaloosa ",,,1920-1982,,,,,,
"Cook, Thomas H.",Thomas H. Cook,Fort Payne,#Null,DeKalb ,,,,1947-PRESENT,,,,,,
"Counselman, Mary Elizabeth",Mary Elizabeth Counselman,Birmingham,"Jefferson, Shelby, Tuscaloosa, and Etowah ","Birmingham,  Montevallo,Tuscaloosa, and Gadsden"," Montevallo, Shelby; Tuscaloosa, Tuscaloosa ",Birmingham and Gadsden,,1911-1994,,,,,,
"Covington, Dennis",Dennis Covington,Birmingham,#Null,Jefferson ,,"Birmingham, Jefferson ",,1948-PRESENT,,,,,,
"Covington, Vicki",Vicki Covington,Birmingham ,Tuscaloosa , Jefferson and Tuscaloosa ,"Birmingham, Jefferson; Tuscaloosa, Tuscaloosa ",Birmingham,,1952-PRESENT,,,,,,
"Davis, Rebecca Harding",Rebecca Harding Davis,Florence,#Null,Lauderdale,,,,1831-1910,,,,,,
"Deal, Babs H.",Babs H. Deal,Scottsboro,"Birmingham,Tuscaloosa, Gulf Shores, and Montgomery"," Jackson, Jefferson, Tuscaloosa, Baldwin, and  Montgomery ","Tuscaloosa, Tuscaloosa ",Scottsboro and Gulf Shores,"Montgomery,Montgomery",1929-2004,,,,,,
"Deal, Borden",Borden Deal,#Null,"Tuscaloosa, Mobile, and Scottsboro","Tuscaloosa, Mobile, and  Jackson ","Tuscaloosa, Tuscaloosa ","Tuscaloosa, Mobile, and Scottsboro",,1922-1985,,,,,,
"Dewberry, Elizabeth",Elizabeth Dewberry,Birmingham ,Tuscaloosa, Jefferson and Tuscaloosa,"Tuscaloosa, Tuscaloosa ",Birmingham,,1962-PRESENT,,,,,,
"Dorsey, Tim",Tim Dorsey,#Null,Auburn and Montgomery ,Lee and Montgomery,"Auburn, Lee ",Montgomery,,1961-PRESENT,,,,,,
"Ellison, Lucile Watkins",Lucile Watkins Ellison,Pennington,#Null,Choctaw,,,,1907-1979,,,,,,
export-authors_list_Dec-22-Geography_list 2,,,,,,,,,,,,,,
"Fellows, Alice",Alice Fellows,Tuscaloosa,#Null,Tuscaloosa,"Tuscaloosa, Tuscaloosa", Tuscaloosa,,1928-PRESENT,,,,,,
"Fenollosa, Mary McNeil",Mary McNeil Fenollosa,#null," Mobile, Spring Hill, and Montrose",Mobile and Baldwin,," Mobile, Spring Hill, and Montrose",,1865-1954,,,,,,
"Fields, Julia",Julia Fields,#null, Uniontown and Birmingham, Perry and  Jefferson ," Uniontown, Perry",Birmingham,,1938-PRESENT,,,,,,
"Finlay, John",John Finlay,Ozark,"Enterprise, Tuscaloosa, and Montevallo","Dale, Coffee, Tuscaloosa, and Shelby "," Tuscaloosa, Tuscaloosa ",Enterprise and Montevallo,,1941-1991,,,,,,
"Fitzgerald, Zelda",Zelda Fitzgerald,Montgomery,#Null,Montgomery,,Montgomery,,1900-1948,,,,,,
"Flagg, Fannie",Fannie Flagg,Irondale,"Tuscaloosa, Birmingham, and Fairhope","Jefferson, Tuscaloosa, Jefferson, Baldwin","Tuscaloosa, Tuscaloosa ",Birmingham and Fairhope,,1944-PRESENT,,,,,,
"Ford, Jesse Hill",Jesse Hill Ford,Troy,Jasper and Birmingham," Pike, Walker, and Jefferson ",,Birmingham,,1928-1996,,,,,,
"Francis, H.E.", H.E. Francis,#null,Huntsville,Madison ,,Huntsville,,1924-PRESENT,,,,,,
"Franklin, Tom",Tom Franklin,Dickinson,Mobile,Clarke and Mobile,"Mobile, Mobile ",Mobile,,1963-PRESENT,,,,,,
"Gaillard, Frye",Frye Gaillard,Mobile ,Mon Louis,Mobile,,Mon Louis,,1946-PRESENT,,,,,,
"Gaines, Charles",Charles Gaines,#Null,Birmingham,Jefferson ,"Birmingham, Jefferson ",Birmingham,,1942-PRESENT,,,,,,
"George, Anne",Anne George,Montgomery,"Calhoun, Marion, and Birmingham","Montgomery, Lowndes, Perry, and Jefferson"," Marion, Perry; Birmingham, Jefferson ",Birmingham,,1927-2001,,,,,,
"Ghigna, Charles",Charles Ghigna,#Null,Birmingham,Jefferson,,Birmingham,,1946-PRESENT,,,,,,
"Gibbons, Faye",Faye Gibbons,#Null,Auburn and Deatsville, Lee and Elmore ,"Auburn, Lee ",Deatsville,,1938-PRESENT,,,,,,
"Gilman, Rebecca",Rebecca Gilman,Trussville,Birmingham,Jefferson,"Birmingham, Jefferson ",,,1964-PRESENT,,,,,,
"Godwin, Gail",Gail Godwin,Birmingham,#Null,Jefferson,,,,1937-PRESENT,,,,,,
"Gosse, Philip Henry",Philip Henry Gosse,#Null,Pleasant Hill,Dallas,,,,1810-1888,,,,,,
"Grau, Shirley Ann",Shirley Ann Grau,#Null,Montgomery,Montgomery,,,,1929-2020,,,,,,
"Green, John",John Green,#Null,Indian Springs,Shelby ,,,,1977-PRESENT,need an alabama authors page,,,,,
"Greenhaw, Wayne",Wayne Greenhaw,Sheffield,"Trussville, Tuscaloosa, and Montgomery"," Colbert, Tuscaloosa, and Montgomery ","Tuscaloosa, Tuscaloosa ",Montgomery ,,1940-2011,,,,,,
"Groom, Winston",Winston Groom,#Null,"Mobile, Tuscaloosa, and Point Clear","Mobile, Tuscaloosa, and Baldwin ","Tuscaloosa, Tuscaloosa ", Tuscaloosa and Point Clear,,1943-2020,,,,,,
"Haardt, Sara",Sara Haardt,Montgomery,#Null,Montgomery,,Montgomery ,,1898-1935,,,,,,
"Haines, Carolyn",Carolyn Haines,#Null,Mobile and Semmes,Mobile,"Mobile, Mobile ", Semmes,,1953-PRESENT,,,,,,
"Harrington, Janice",Janice Harrington,Vernon,#Null,Lamar,,,,1956-PRESENT,needs an alabama authors page ,,,,,
"Harris, George Washington",George Washington Harris,#Null,Decatur, Morgan ,,Decatur,,1814-1869,,,,,,
"Hasford, Gustav",Gustav Hasford,#Null,"Russellville, Redmill, and Haleyville","Franklin, Walker, and Winston ",,,"Haleyville, Winston",1947-1993,,,,,,
"Haskins, James",James Haskins,Demopolis,Montgomery, Marengo and Montgomery ,"Montgomery, Montgomery ",,,1941-2005,,,,,,
"Hassel, Harriet",Harriet Hassel,#Null," Northport, Greensboro, and Tuscaloosa",Tuscaloosa and Hale ," Tuscaloosa, Tuscaloosa ", Northport and Greensboro,,1911-1970,,,,,,
"Hay, Sara Henderson",Sara Henderson Hay,#Null,Anniston,Calhoun ,,,,1906-1987,,,,,,
"Hearne, Betsy",Betsy Hearne,Wilsonville,#null,Shelby,,,,-1942,,,,,,
"Heath, W.L.",W.L. Heath,#null,Scottsboro and  Guntersville, Jackson and Marshall ,,Gunterville,,1924-2007,,,,,,
"Hellman, Lillian",Lillian Hellman,#null,Demopolis,Marengo ,,,,1905-1984,,,,,,
"Hemphill, Paul",Paul Hemphill,Birmingham ,Auburn,Jefferson and Lee," Auburn, Lee ",Birmingham,,1936-2009,,,,,,
"Henderson, Aileen Kilgore",Aileen Kilgore Henderson,Cedar Cove , Brookwood,Tuscaloosa,,Brookwood ,,-1921,,,,,,
"Henderson, George Wylie",George Wylie Henderson,Warriorstand,Wetumpka and Tuskegee," Macon, Elmore, and Macon "," Tuskegee, Macon ",,,1904-1965,,,,,,
"Hentz, Caroline Lee",Caroline Lee Hentz,#null,"Florence, Tuscaloosa, and Tuskegee"," Lauderdale, Tuscaloosa, and Macon ",,"Florence, Tuscaloosa, and Tuskegee",,1800-1856,,,,,,
"Hickam, Homer",Homer Hickam,#null,Huntsville,Madison,,Huntsville,,-1943,,,,,,
"Hoffman, Roy",Roy Hoffman,#null,Mobile and  Fairhope,Mobile and  Baldwin ,,Mobile and  Fairhope,,-1953,,,,,,
"Hooper, Johnson Jones",Johnson Jones Hooper,#null,"LaFayette,  Dadeville, Wetumpka, Tuscaloosa,  and Montgomery","Chambers, Tallapoosa, Elmore, Tuscaloosa, and Montgomery",,"LaFayette, Dadeville, Wetumpka, Tuscaloosa, and  Montgomery",,1815-1862,,,,,,
"Howard, Milford W.",Milford W. Howard,#null,"Fort Payne, Cullman, Birmingham, and Lookout Mountain, near Mentone","DeKalb, Cullman, and Jefferson ",,"Fort Payne, Cullman, Birmingham,and Lookout Mountain, near Mentone","Lookout Mountain, near Mentone, DeKalb",1862-1937,,,,,,
"Hudgins, Andrew",Andrew Hudgins,#null,Montgomery and Tuscaloosa,Montgomery and  Tuscaloosa,"Tuscaloosa, Tuscaloosa ",,,-1951,,,,,,
"Huggins, Peter","Peter, Huggins",#null,Tuscaloosa and Auburn,Tuscaloosa and Lee ,"Tuscaloosa, Tuscaloosa ", Auburn,,-1951,,,,,,
"Huie, William Bradford",William Bradford Huie,"Tuscaloosa, Birmingham, and Guntersville","Tuscaloosa, Birmingham, and Guntersville"," Morgan, Tuscaloosa, Jefferson, and Marshall","Tuscaloosa, Tuscaloosa",Hartselle and Birmingham," Guntersville, Marshall",1910-1986,,,,,,
"Hurston, Zora Neale",Zora Neale Hurston,Notasulga ,Mobile," Lee, Macon, and Mobile ",,,,1891-1960,,,,,,
"Ingraham, J.H.",J.H. Ingraham,#null,Mobile,Mobile,,Mobile,,1809-1860,,,,,,
"Inman, Robert",Robert Inman,Elba,Tuscaloosa and  Montgomery,"Coffee, Tuscaloosa, and Montgomery ","Tuscaloosa, Tuscaloosa ",Tuscaloosa and Montgomery,,-1943,,,,,,
"Johnson, Angela",Angela Johnson,Tuskegee,#null,Macon,,,,-1961,,,,,,
"Johnson, Rheta Grimsley",Rheta Grimsley Johnson,#null,"Montgomery, Auburn,Monroeville, and Birmingham","Montgomery, Lee, Monroe, and Jefferson ","Auburn, Lee ",Monroeville and Birmingham,,-1953,,,,,,
"Johnston, Mary",Mary Johnston,#null,Birmingham,Jefferson,,Birmingham,,1870-1936,,,,,,
"Jones, Madison",Madison Jones,#null,Auburn,Lee,,Auburn,,1925-2012,,,,,,
"Jones, Rodney",Rodney Jones,Hartselle,Auburn,Lee,Tuscaloosa ,Auburn,,-1950,,,,,,
"Keller, Helen",Helen Keller,Tuscumbia,#null,Colbert ,,,,1880-1968,,,,,,
"King Jr., Martin Luther",Martin Luther King Jr.,#null,"Montgomery, Birmingham, and Selma","Montgomery,  Jefferson, and Dallas ",,Montgomery ,,1929-1968,,,,,,
"King, Cassandra",Cassandra King,Pinckard,"Pinckard,Montevallo, Tuscaloosa, and  Pelham","Dale, Shelby, and Tuscaloosa ","Montevallo, Shelby ",Tuscaloosa and Pelham,,-1944,,,,,,
"Knight, Michael",Michael Knight,Mobile,#null,Mobile,,,,-1969,,,,,,
"Laan, Nancy Van",Nancy Van Laan,#null,Birmingham and Tuscaloosa,Jefferson and Tuscaloosa ," Tuscaloosa, Tuscaloosa ","Birmingham, Jefferson ",,-1939,https://apps.lib.ua.edu/blogs/this-goodly-land/author/?AuthorID=78,Needs an AL authors page ,,,,
"Lanier, Sidney",Sidney Lanier,#null,"Point Clear, Montgomery, and Prattville"," Baldwin, Montgomery, and Autauga ",,"Point Clear, Montgomery, and Prattville",,1842-1881,,,,,,
"Le Vert, Octavia Walton",Octavia Walton Le Vert,#null,Mobile,Mobile,,Mobile,,1811-1877,,,,,,
"Lee, Harper",Harper Lee,Monroeville,Montgomery and Tuscaloosa,"Monroe, Montgomery, and Tuscaloosa","Montgomery, Montgumery and Tuscaloosa, Tuscaloosa ",Monroeville,,1926-2016,,,,,,
"Liddell, Viola Goode",Viola Goode Liddell,Gastonburg,"Marion, Demopolis, Linden, and Camden","Wilcox, Perry, Marengo, and Wilcox ","Marion, Perry","Demopolis, Linden,and  Camden",,1901-1998,,,,,,
"Lincoln, Eric C.",Eric C. Lincoln,Athens,#null,Limestone,,,,1924-2000,,,,,,
"Lytle, Andrew",Andrew Lytle,#null,Cornsilk Farm and Huntsville,Marshall and Madison,,Cornsilk Farm,,1902-1995,,,,,,
"March, William",William March,Mobile,"Lockhart, Tuscaloosa, and Point Clear","Mobile, Covington, Tuscaloosa, and Baldwin","Tuscaloosa, Tuscaloosa ",Mobile and Point Clear ,,1894-1954,,,,,,
"McAfee, Thomas",Thomas McAfee,Haleyville,#null,Winston ,,,,1928-1982,,,,,,
"McCammon, Robert R.",Robert R. McCammon,Birmingham ,Tuscaloosa,Jefferson and Tuscaloosa,"Tuscaloosa, Tuscaloosa",Birmingham ,,-1952,,,,,,
"Meek, A.B.",A.B. Meek,#null,"Tuscaloosa, Mobile, and Montgomery","Tuscaloosa, Mobile, and Montgomery","Tuscaloosa, Tuscaloosa ",Mobile,,1814-1865,,,,,,
"Miller, William",William Miller ,Anniston,Birmingham and Jacksonville,Calhoun and Jefferson,"Birmingham, Jefferson","Jacksonville, ",,-1959,"Needs portrait but was put on map, fix line 54 on php file",,,,,
"Moore, Idora McClellan",Idora McClellan Moore,Idlewild Plantation near Talladega," Talladega, Summerfield, Riddle's Mill,and Auburn"," Talladega, Dallas, and Lee ","Talladega, Talladega, and Summerfield, Dallas "," Talladega, Riddle's Mill, and Auburn",,1843-1929,,,,,,
"Moore, John Trotwood",John Trotwood Moore,Marion,Monterey and Pine Apple,"Perry, Butler, and Wilcox ",Birmingham,"Marion, Monterey, and Pine Apple",,1858-1929,,,,,,
"Murray, Albert",Albert Murray,Nokomis,"Magazine Point, Prichard, and Tuskegee","Escambia, Mobile, and Macon ","Prichard, Mobile and Tuskegee, Macon ",Tuskegee,,1916-2013,,,,,,
"Naslund, Sena Jeter",Sena Jeter Naslund,Birmingham,#null,Jefferson,"Birmingham, Jefferson",,,-1942,,,,,,
"Nolan, Han",Han Nolan,Birmingham,Dothan and Hoover,Jefferson and Houston,,Hoover,,-1956,Might need to be revisted ,,,,,
"Norris, Helen",Helen Norris,#null,"Montgomery, Tuscaloosa, Birmingham, and  Sylacauga","Montgomery,  Tuscaloosa, Jefferson, and Talladega ","Tuscaloosa, Tuscaloosa ","Montgomery, Birmingham, and Sylacauga",,1916-2013,,,,,,
"Packer, Nancy Huddleston",Nancy Huddleston Packer ,#null,Birmingham, Jefferson  ,,Birmingham,,-1925,,,,,,
"Palmer, Florence Glass",Florence Glass Palmer,Uniontown,#null,Perry  ,,Uniontown,,1895-1977,,,,,,
"Patterson, Richard North",Richard North Patterson,#null,Birmingham, Jefferson  ,,Birmingham,,-1947,,,,,,
"Peck, Samuel Minturn",Samuel Minturn Peck,Tuscaloosa,Tuscaloosa,Tuscaloosa,"Tuscaloosa, Tuscaloosa",Tuscaloosa,,1854-1938,,,,,,
"Percy, Walker",Walker Percy,Birmingham,Birmingham,Jefferson and Tuscaloosa,,,,1916-1990,,,,,,
"Pyrnelle, Louise Clark",Louise Clark Pyrnelle,Ittabena Plantation near Uniontown," Montgomery, Selma, Browns, and Birmingham"," Perry, Montgomery Dallas,and Jefferson ","Montgomery, Montgomery ", Browns and Birmingham,"Birmingham,Alabama ",1850-1907,,,,,,
"Raines, Howell",Howell Raines,Birmingham ,Tuscaloosa,Jefferson and Tuscaloosa,"Birmingham, Jefferson and Tuscaloosa, Tuscaloosa",Birmingham and Tuscaloosa,,-1943,,,,,,
"Rayford, Julian Lee",Julian Lee Rayford,Mobile,"Chickasaw, Prichard, and Birmingham",Mobile and Jefferson ," Birmingham, Jefferson County",Mobile,,1908-1980,,,,,,
"Richards, Judith",Judith Richards,#null,"Montgomery, Mobile, and Fairhope","Montgomery, Mobile, and Baldwin ",,"Montgomery, Mobile, and Fairhope",,-1942,,,,,,
"Risley, Eleanor de la Vergne",Eleanor de la Vergne Risley,#null,Fairhope,Baldwin ,,Fairhope,,1867-1945,,,,,,
"Rodgers, Catherine",Catherine Rodgers,Camp Hill," Montevallo,  Auburn, Talladega, and Tuscaloosa","Tallapoosa, Shelby, Lee, Talladega, and Tuscaloosa "," Montevallo, Shelby County; Auburn, Lee County; Tuscaloosa, Tuscaloosa County",Camp Hill and Talladega," Auburn, Lee County",1916-2004,,,,,,
"Royall, Anne", Anne Royall,#null,"Huntsville, Montgomery, Mobile, Courtland, Moulton, Florence, and St. Stephens","Madison, Montgumery, Mobile, Lawerence, Lauderdale, and Washington",,Huntsville,,1769-1854,,,,,,
"Ryan, Father Abram J.",Father Abram J. Ryan,#null,Mobile ,Mobile,,Mobile,"Mobile, Alabama ",1838-1886,,,,,,
"Sanchez, Sonia",Sonia Sanchez,Birmingham,#null,Jefferson,,,,-1934,https://apps.lib.ua.edu/blogs/this-goodly-land/author/?AuthorID=53,,,,,
"Sanguinetti, Elise",Elise Sanguinetti,Anniston , Tuscaloosa ,Calhoun and Tuscaloosa ,"Tuscaloosa, Tuscaloosa ",Anniston,,1926-2014,https://apps.lib.ua.edu/blogs/this-goodly-land/author/?AuthorID=143,,,,,
"Searcy, Margaret Zehmer",Margaret Zehmer Searcy,Tuscaloosa,Tuscaloosa,Tuscaloosa,"Tuscaloosa, Tuscaloosa",Tuscaloosa,"Tuscaloosa, Alabama ",1926-2017,https://apps.lib.ua.edu/blogs/this-goodly-land/author/?AuthorID=166,,,,,
"Sibley, Celestine",Celestine Sibley,#null,Mobile and Creola,Mobile,"Mobile, Mobile",Mobile,,1917-1999,https://apps.lib.ua.edu/blogs/this-goodly-land/author/?AuthorID=131,,,,,
"Siddons, Anne Rivers",Anne Rivers Siddons,#null,Auburn,Lee,"Auburn, Lee",,,1936-2019,https://apps.lib.ua.edu/blogs/this-goodly-land/author/?AuthorID=172,,,,,
"Sledge, E.B.",E.B. Sledge,Mobile,"Marion, Auburn, and Montevallo","Mobile, Perry, Lee, and Shelby ","Marion, Perry; Auburn, Lee ",Montevallo,"Montevallo, Alabama",1923-2001,https://apps.lib.ua.edu/blogs/this-goodly-land/author/?AuthorID=18,,,,,
"Smith, Lee",Lee Smith,#null,Birmingham and Tuscaloosa , Jefferson and Tuscaloosa,,Tuscaloosa,,-1944,https://apps.lib.ua.edu/blogs/this-goodly-land/author/?AuthorID=173,,,,,
"Sorenson, Virginia",Virginia Sorenson,#null,Auburn,Lee,,Auburn,,1912-1991,https://apps.lib.ua.edu/blogs/this-goodly-land/author/?AuthorID=179,,,,,
"Stanley, Marie",Marie Stanley,Mobile ,Spring Hill,Mobile ,,Mobile and Spring Hill,,1885-1936,https://apps.lib.ua.edu/blogs/this-goodly-land/author/?AuthorID=81,,,,,
"Sterne, Emma Gelders",Emma Gelders Sterne,Birmingham,#null, Jefferson,,"Birmingham, Jefferson",,1894-1971,http://www.lib.ua.edu/Alabama_Authors/?p=2102,,,,,
"Still, James", James Still,#null,"LaFayette, Shawmut, Jarrett Station, and Fairfax",Chambers,"Fairfax, Chambers ",,,1906-2001,https://apps.lib.ua.edu/blogs/this-goodly-land/author/?AuthorID=35,,,,,
"Stribling, T.S.",T.S. Stribling,#null,"Gravelly Springs, Florence, and Tuscaloosa", Lauderdale and Tuscaloosa," Tuscaloosa, Tuscaloosa","Florence, Lauderdale; Tuscaloosa, Tuscaloosa ","Florence, Alabama",1881-1965,https://apps.lib.ua.edu/blogs/this-goodly-land/author/?AuthorID=37,,,,,
"Strode, Hudson",Hudson Strode,#null,Demopolis and  Tuscaloosa,Marengo and Tuscaloosa ,"Tuscaloosa, Tuscaloosa","Tuscaloosa, Tuscaloosa",,1892-1976,https://apps.lib.ua.edu/blogs/this-goodly-land/author/?AuthorID=126,,,,,
"Stroud, Oxford S.",Oxford S. Stroud,Demopolis,"Linden, Camden, and Auburn"," Marengo, Wilcox, and Lee ","Auburn, Lee ","Camden, Wilcox; Auburn, Lee ",,1924-2002,https://apps.lib.ua.edu/blogs/this-goodly-land/author/?AuthorID=83,,,,,
"Talese, Gay",Gay Talese,#null,Tuscaloosa,Tuscaloosa," Tuscaloosa, Tuscaloosa",,,-1932,https://apps.lib.ua.edu/blogs/this-goodly-land/author/?AuthorID=162,,,,,
"Taliaferro, H.E.",H.E. Taliaferro,#null,Talladega and Tuskegee,Talladega and Macon,,"Talladega, Talladega; Tuskegee, Macon",,1811-1875,https://apps.lib.ua.edu/blogs/this-goodly-land/author/?AuthorID=183,,,,,
"Tarry, Ellen",Ellen Tarry,Birmingham,Montgomery  and Anniston," Jefferson, Montgomery, and Calhoun ","Montgomery, Montgomery ","Birmingham, Jefferson ; Anniston, Calhoun ",,1906-2008,https://apps.lib.ua.edu/blogs/this-goodly-land/author/?AuthorID=181,,,,,
"Tartt, Ruby Pickens",Ruby Pickens Tartt,Livingston,York, Sumter ,"Livingston, Sumter ","Livingston, Sumter; York, Sumter ","York, Sumter ",1880-1974,https://apps.lib.ua.edu/blogs/this-goodly-land/author/?AuthorID=125,,,,,
"Vines, Howell",Howell Vines,Short Creek,"Hueytown, Tuscaloosa, Montgomery, and Bessemer"," Jefferson, Montgumery, and Tuscaloosa ","Tuscaloosa, Tuscaloosa "," Hueytown, Montgomery, and Bessemer","Hueytown, Jefferson ",1899-1981,https://apps.lib.ua.edu/blogs/this-goodly-land/author/?AuthorID=124,,,,,
"Walker, Margaret",Margaret Walker,Birmingham,Greenville, Jefferson and Butler ,,,,1915-1998,https://apps.lib.ua.edu/blogs/this-goodly-land/author/?AuthorID=54,,,,,
"Walker, Sue", Sue Walker,#null,Foley and Mobile,Baldwin and Mobile ,,"Foley, Baldwin; Mobile, Mobile ",,-1940,https://apps.lib.ua.edu/blogs/this-goodly-land/author/?AuthorID=146,,,,,
"Wallace, Daniel",Daniel Wallace,Mountain View, Cullman,Jefferson and Cullman ,,,,-1959,https://apps.lib.ua.edu/blogs/this-goodly-land/author/?AuthorID=60,,,,,
"Walter, Eugene",Eugene Walter,Mobile,#null,Mobile,,"Mobile, Mobile","Mobile, Alabama ",1921-1998,https://apps.lib.ua.edu/blogs/this-goodly-land/author/?AuthorID=61,,,,,
"Warren, Lella",Lella Warren,Clayton,#null, Barbour,,"Clayton, Barbour",,1899-1982,https://apps.lib.ua.edu/blogs/this-goodly-land/author/?AuthorID=62,,,,,
"Washington, Booker T.",Booker T.Washington,"Westlake corner, VA",Tuskegee,Macon,,,,1856-1915,https://apps.lib.ua.edu/blogs/this-goodly-land/author/?AuthorID=36,,,,,
"Watson, Brad", Brad Watson,,"Tuscaloosa,Montgomery, Gulf Shores, and Birmingham","Tuscaloosa, Montgomery, Baldwin, and Jefferson","Tuscaloosa, Tuscaloosa ","Tuscaloosa, Tuscaloosa; Gulf Shores, Baldwin; Birmingham, Jefferson ",,1955-2020,https://apps.lib.ua.edu/blogs/this-goodly-land/author/?AuthorID=137,,,,,
"Weaver, Annie Vaughan",Annie Vaughan Weaver,Selma,Emerald Place, Dallas ,,,,1905-1982,https://apps.lib.ua.edu/blogs/this-goodly-land/author/?AuthorID=123,,,,,
"Weeden, Howard",Howard Weeden,Huntsville,#null,Madison,,"Huntsville, Madison",,1846-1905,https://apps.lib.ua.edu/blogs/this-goodly-land/author/?AuthorID=96,,,,,
"Weld, John",John Weld,Birmingham,Auburn, Jefferson and Lee ,"Auburn, Lee",,,1905-2003,https://apps.lib.ua.edu/blogs/this-goodly-land/author/?AuthorID=107,,,,,
"Wheeler, Cindy",Cindy Wheeler,Montgomery, Auburn,Montgomery and Lee ," Auburn, Lee",,,-1955,https://apps.lib.ua.edu/blogs/this-goodly-land/author/?AuthorID=79,,,,,
"Wiles, Deborah", Deborah Wiles,Mobile,#null,Mobile,,,,-1953,https://apps.lib.ua.edu/blogs/this-goodly-land/author/?AuthorID=165,,,,,
"Wilson, Augusta Jane Evans",Augusta Jane Evans Wilson,#null,Mobile,Mobile,,"Mobile, Mobile","Mobile, Alabama ",1835-1909,http://www.lib.ua.edu/Alabama_Authors/?p=2208,,,,,
"Wilson, Edward O.",Edward O. Wilson,Birmingham,"Evergreen,  Mobile, Brewton,  Decatur,  and Tuscaloosa","Jefferson, Conecuh, Mobile, Escambia, Morgan, and Tuscaloosa "," Tuscaloosa, Tuscaloosa ",,"Burlington, Massachusets",1929-2021,https://apps.lib.ua.edu/blogs/this-goodly-land/author/?AuthorID=16,,,,,
"Windham, Kathryn Tucker",Kathryn Tucker Windham,Selma,Selma,"Dallas, Clarke, Montgomery, Jefferson, and Wilcox ","Montgomery, Montgomery ","Selma, Dallas; Thomasville, Clarke; Montgomery, Montgomery; Birmingham, Jefferson",,1918-2011,https://apps.lib.ua.edu/blogs/this-goodly-land/author/?AuthorID=68,,,,,
"Wolff, Tobias",Tobias Wolff,Birmingham ,#null,Jefferson,,,,1888-1945,https://apps.lib.ua.edu/blogs/this-goodly-land/author/?AuthorID=105,,,,,
"Wood, Clement",Clement Wood,Tuscaloosa,Birmingham,Tuscaloosa and  Jefferson,," Birmingham, Jefferson ",,1888-1950,https://apps.lib.ua.edu/blogs/this-goodly-land/author/?AuthorID=102,,,,,
"Yenni, Julia Truitt",Julia Truitt Yenni,Birmingham,#null,Jefferson,,,,1913-2000,https://apps.lib.ua.edu/blogs/this-goodly-land/author/?AuthorID=122,,,,,
"Young, Martha",Martha Young ,Newbern,"Greensboro, Havana, Tuscaloosa, and Livingston"," Hale, Tuscaloosa, and Sumter","Greensboro, Hale; Tuscaloosa, Tuscaloosa; Livingston, Sumter ","Greensboro, Hale "," Greensboro, Hale",1862-1941,https://apps.lib.ua.edu/blogs/this-goodly-land/author/?AuthorID=103,,,,,
,,,,,,,,,,,,,,
,,,,,,,,,,,,,,
,,,,,,,,,,,,,,
,,,,,,,,,,,,,,
,,,,,,,,,,,,,,
,,,,,,,,,,,,,,
,,,,,,,,,,,,,,
,,,,,,,,,,,,,,
,,,,,,,,,,,,,,
,,,,,,,,,,,,,,
,,,,,,,,,,,,,,
,,,,,,,,,,,,,,
,,,,,,,,,,,,,,
,,,,,,,,,,,,,,
,,,,,,,,,,,,,,
,,,,,,,,,,,,,,
,,,,,,,,,,,,,,
,,,,,,,,,,,,,,
,,,,,,,,,,,,,,
,,,,,,,,,,,,,,
,,,,,,,,,,,,,,
,,,,,,,,,,,,,,
,,,,,,,,,,,,,,
,,,,,,,,,,,,,,
,,,,,,,,,,,,,,
,,,,,,,,,,,,,,
,,,,,,,,,,,,,,
,,,,,,,,,,,,,,
,,,,,,,,,,,,,,
,,,,,,,,,,,,,,
,,,,,,,,,,,,,,
,,,,,,,,,,,,,,
,,,,,,,,,,,,,,
,,,,,,,,,,,,,,
,,,,,,,,,,,,,,
,,,,,,,,,,,,,,
,,,,,,,,,,,,,,
,,,,,,,,,,,,,,
,,,,,,,,,,,,,,
,,,,,,,,,,,,,,
,,,,,,,,,,,,,,
,,,,,,,,,,,,,,
,,,,,,,,,,,,,,
,,,,,,,,,,,,,,
,,,,,,,,,,,,,,
,,,,,,,,,,,,,,
,,,,,,,,,,,,,,
,,,,,,,,,,,,,,
,,,,,,,,,,,,,,
,,,,,,,,,,,,,,
,,,,,,,,,,,,,,
,,,,,,,,,,,,,,
,,,,,,,,,,,,,,
,,,,,,,,,,,,,,
,,,,,,,,,,,,,,
,,,,,,,,,,,,,,
,,,,,,,,,,,,,,
,,,,,,,,,,,,,,
,,,,,,,,,,,,,,
,,,,,,,,,,,,,,
,,,,,,,,,,,,,,
,,,,,,,,,,,,,,
,,,,,,,,,,,,,,
,,,,,,,,,,,,,,
,,,,,,,,,,,,,,
,,,,,,,,,,,,,,
,,,,,,,,,,,,,,
,,,,,,,,,,,,,,
,,,,,,,,,,,,,,
,,,,,,,,,,,,,,
,,,,,,,,,,,,,,
,,,,,,,,,,,,,,
,,,,,,,,,,,,,,
,,,,,,,,,,,,,,
,,,,,,,,,,,,,,
,,,,,,,,,,,,,,
,,,,,,,,,,,,,,
,,,,,,,,,,,,,,
,,,,,,,,,,,,,,
,,,,,,,,,,,,,,
,,,,,,,,,,,,,,
,,,,,,,,,,,,,,
,,,,,,,,,,,,,,
,,,,,,,,,,,,,,
,,,,,,,,,,,,,,
,,,,,,,,,,,,,,
,,,,,,,,,,,,,,
,,,,,,,,,,,,,,
,,,,,,,,,,,,,,
,,,,,,,,,,,,,,
,,,,,,,,,,,,,,
,,,,,,,,,,,,,,
,,,,,,,,,,,,,,
,,,,,,,,,,,,,,
,,,,,,,,,,,,,,
,,,,,,,,,,,,,,
,,,,,,,,,,,,,,
,,,,,,,,,,,,,,
,,,,,,,,,,,,,,
,,,,,,,,,,,,,,
,,,,,,,,,,,,,,
,,,,,,,,,,,,,,
,,,,,,,,,,,,,,
,,,,,,,,,,,,,,
,,,,,,,,,,,,,,
,,,,,,,,,,,,,,
,,,,,,,,,,,,,,
,,,,,,,,,,,,,,
,,,,,,,,,,,,,,
,,,,,,,,,,,,,,
,,,,,,,,,,,,,,
,,,,,,,,,,,,,,
,,,,,,,,,,,,,,
,,,,,,,,,,,,,,
,,,,,,,,,,,,,,
,,,,,,,,,,,,,,
,,,,,,,,,,,,,,
,,,,,,,,,,,,,,
,,,,,,,,,,,,,,
,,,,,,,,,,,,,,
,,,,,,,,,,,,,,
,,,,,,,,,,,,,,
,,,,,,,,,,,,,,
,,,,,,,,,,,,,,
,,,,,,,,,,,,,,
,,,,,,,,,,,,,,
,,,,,,,,,,,,,,
,,,,,,,,,,,,,,
,,,,,,,,,,,,,,
,,,,,,,,,,,,,,
,,,,,,,,,,,,,,
,,,,,,,,,,,,,,
,,,,,,,,,,,,,,
,,,,,,,,,,,,,,
,,,,,,,,,,,,,,
,,,,,,,,,,,,,,
,,,,,,,,,,,,,,
,,,,,,,,,,,,,,
,,,,,,,,,,,,,,
,,,,,,,,,,,,,,
,,,,,,,,,,,,,,
,,,,,,,,,,,,,,
,,,,,,,,,,,,,,
,,,,,,,,,,,,,,
,,,,,,,,,,,,,,
,,,,,,,,,,,,,,
,,,,,,,,,,,,,,
,,,,,,,,,,,,,,
,,,,,,,,,,,,,,
,,,,,,,,,,,,,,
,,,,,,,,,,,,,,
,,,,,,,,,,,,,,
,,,,,,,,,,,,,,
,,,,,,,,,,,,,,
,,,,,,,,,,,,,,
,,,,,,,,,,,,,,
,,,,,,,,,,,,,,
,,,,,,,,,,,,,,
,,,,,,,,,,,,,,
,,,,,,,,,,,,,,
,,,,,,,,,,,,,,
,,,,,,,,,,,,,,
,,,,,,,,,,,,,,
,,,,,,,,,,,,,,
,,,,,,,,,,,,,,
,,,,,,,,,,,,,,
,,,,,,,,,,,,,,
,,,,,,,,,,,,,,
,,,,,,,,,,,,,,
,,,,,,,,,,,,,,
,,,,,,,,,,,,,,
,,,,,,,,,,,,,,
,,,,,,,,,,,,,,
,,,,,,,,,,,,,,
,,,,,,,,,,,,,,
,,,,,,,,,,,,,,
,,,,,,,,,,,,,,
,,,,,,,,,,,,,,
,,,,,,,,,,,,,,
,,,,,,,,,,,,,,
,,,,,,,,,,,,,,
,,,,,,,,,,,,,,
,,,,,,,,,,,,,,
,,,,,,,,,,,,,,
,,,,,,,,,,,,,,
,,,,,,,,,,,,,,
,,,,,,,,,,,,,,
,,,,,,,,,,,,,,
,,,,,,,,,,,,,,
,,,,,,,,,,,,,,
,,,,,,,,,,,,,,
,,,,,,,,,,,,,,
,,,,,,,,,,,,,,
,,,,,,,,,,,,,,
,,,,,,,,,,,,,,
,,,,,,,,,,,,,,
,,,,,,,,,,,,,,
,,,,,,,,,,,,,,
,,,,,,,,,,,,,,
,,,,,,,,,,,,,,
,,,,,,,,,,,,,,
,,,,,,,,,,,,,,
,,,,,,,,,,,,,,
,,,,,,,,,,,,,,
,,,,,,,,,,,,,,
,,,,,,,,,,,,,,
,,,,,,,,,,,,,,
,,,,,,,,,,,,,,
,,,,,,,,,,,,,,
,,,,,,,,,,,,,,
,,,,,,,,,,,,,,
,,,,,,,,,,,,,,
,,,,,,,,,,,,,,
,,,,,,,,,,,,,,
,,,,,,,,,,,,,,
,,,,,,,,,,,,,,
,,,,,,,,,,,,,,
,,,,,,,,,,,,,,
,,,,,,,,,,,,,,
,,,,,,,,,,,,,,
,,,,,,,,,,,,,,
,,,,,,,,,,,,,,
,,,,,,,,,,,,,,
,,,,,,,,,,,,,,
,,,,,,,,,,,,,,
,,,,,,,,,,,,,,
,,,,,,,,,,,,,,
,,,,,,,,,,,,,,
,,,,,,,,,,,,,,
,,,,,,,,,,,,,,
,,,,,,,,,,,,,,
,,,,,,,,,,,,,,
,,,,,,,,,,,,,,
,,,,,,,,,,,,,,
,,,,,,,,,,,,,,
,,,,,,,,,,,,,,
,,,,,,,,,,,,,,
,,,,,,,,,,,,,,
,,,,,,,,,,,,,,
,,,,,,,,,,,,,,
,,,,,,,,,,,,,,
,,,,,,,,,,,,,,
,,,,,,,,,,,,,,
,,,,,,,,,,,,,,
,,,,,,,,,,,,,,
,,,,,,,,,,,,,,
,,,,,,,,,,,,,,
,,,,,,,,,,,,,,
,,,,,,,,,,,,,,
,,,,,,,,,,,,,,
,,,,,,,,,,,,,,
,,,,,,,,,,,,,,
,,,,,,,,,,,,,,
,,,,,,,,,,,,,,
,,,,,,,,,,,,,,
,,,,,,,,,,,,,,
,,,,,,,,,,,,,,
,,,,,,,,,,,,,,
,,,,,,,,,,,,,,
,,,,,,,,,,,,,,
,,,,,,,,,,,,,,
,,,,,,,,,,,,,,
,,,,,,,,,,,,,,
,,,,,,,,,,,,,,
,,,,,,,,,,,,,,
,,,,,,,,,,,,,,
,,,,,,,,,,,,,,
,,,,,,,,,,,,,,
,,,,,,,,,,,,,,
,,,,,,,,,,,,,,
,,,,,,,,,,,,,,
,,,,,,,,,,,,,,
,,,,,,,,,,,,,,
,,,,,,,,,,,,,,
,,,,,,,,,,,,,,
,,,,,,,,,,,,,,
,,,,,,,,,,,,,,
,,,,,,,,,,,,,,
,,,,,,,,,,,,,,
,,,,,,,,,,,,,,
,,,,,,,,,,,,,,
,,,,,,,,,,,,,,
,,,,,,,,,,,,,,
,,,,,,,,,,,,,,
,,,,,,,,,,,,,,
,,,,,,,,,,,,,,
,,,,,,,,,,,,,,
,,,,,,,,,,,,,,
,,,,,,,,,,,,,,
,,,,,,,,,,,,,,
,,,,,,,,,,,,,,
,,,,,,,,,,,,,,
,,,,,,,,,,,,,,
,,,,,,,,,,,,,,
,,,,,,,,,,,,,,
,,,,,,,,,,,,,,
,,,,,,,,,,,,,,
,,,,,,,,,,,,,,
,,,,,,,,,,,,,,
,,,,,,,,,,,,,,
,,,,,,,,,,,,,,
,,,,,,,,,,,,,,
,,,,,,,,,,,,,,
,,,,,,,,,,,,,,
,,,,,,,,,,,,,,
,,,,,,,,,,,,,,
,,,,,,,,,,,,,,
,,,,,,,,,,,,,,
,,,,,,,,,,,,,,
,,,,,,,,,,,,,,
,,,,,,,,,,,,,,
,,,,,,,,,,,,,,
,,,,,,,,,,,,,,
,,,,,,,,,,,,,,
,,,,,,,,,,,,,,
,,,,,,,,,,,,,,
,,,,,,,,,,,,,,
,,,,,,,,,,,,,,
,,,,,,,,,,,,,,
,,,,,,,,,,,,,,
,,,,,,,,,,,,,,
,,,,,,,,,,,,,,
,,,,,,,,,,,,,,
,,,,,,,,,,,,,,
,,,,,,,,,,,,,,
,,,,,,,,,,,,,,
,,,,,,,,,,,,,,
,,,,,,,,,,,,,,
,,,,,,,,,,,,,,
,,,,,,,,,,,,,,
,,,,,,,,,,,,,,
,,,,,,,,,,,,,,
,,,,,,,,,,,,,,
,,,,,,,,,,,,,,
,,,,,,,,,,,,,,
,,,,,,,,,,,,,,
,,,,,,,,,,,,,,
,,,,,,,,,,,,,,
,,,,,,,,,,,,,,
,,,,,,,,,,,,,,
,,,,,,,,,,,,,,
,,,,,,,,,,,,,,
,,,,,,,,,,,,,,
,,,,,,,,,,,,,,
,,,,,,,,,,,,,,
,,,,,,,,,,,,,,
,,,,,,,,,,,,,,
,,,,,,,,,,,,,,
,,,,,,,,,,,,,,
,,,,,,,,,,,,,,
,,,,,,,,,,,,,,
,,,,,,,,,,,,,,
,,,,,,,,,,,,,,
,,,,,,,,,,,,,,
,,,,,,,,,,,,,,
,,,,,,,,,,,,,,
,,,,,,,,,,,,,,
,,,,,,,,,,,,,,
,,,,,,,,,,,,,,
,,,,,,,,,,,,,,
,,,,,,,,,,,,,,
,,,,,,,,,,,,,,
,,,,,,,,,,,,,,
,,,,,,,,,,,,,,
,,,,,,,,,,,,,,
,,,,,,,,,,,,,,
,,,,,,,,,,,,,,
,,,,,,,,,,,,,,
,,,,,,,,,,,,,,
,,,,,,,,,,,,,,
,,,,,,,,,,,,,,
,,,,,,,,,,,,,,
,,,,,,,,,,,,,,
,,,,,,,,,,,,,,
,,,,,,,,,,,,,,
,,,,,,,,,,,,,,
,,,,,,,,,,,,,,
,,,,,,,,,,,,,,
,,,,,,,,,,,,,,
,,,,,,,,,,,,,,
,,,,,,,,,,,,,,
,,,,,,,,,,,,,,
,,,,,,,,,,,,,,
,,,,,,,,,,,,,,
,,,,,,,,,,,,,,
,,,,,,,,,,,,,,
,,,,,,,,,,,,,,
,,,,,,,,,,,,,,
,,,,,,,,,,,,,,
,,,,,,,,,,,,,,
,,,,,,,,,,,,,,
,,,,,,,,,,,,,,
,,,,,,,,,,,,,,
,,,,,,,,,,,,,,
,,,,,,,,,,,,,,
,,,,,,,,,,,,,,
,,,,,,,,,,,,,,
,,,,,,,,,,,,,,
,,,,,,,,,,,,,,
,,,,,,,,,,,,,,
,,,,,,,,,,,,,,
,,,,,,,,,,,,,,
,,,,,,,,,,,,,,
,,,,,,,,,,,,,,
,,,,,,,,,,,,,,
,,,,,,,,,,,,,,
,,,,,,,,,,,,,,
,,,,,,,,,,,,,,
,,,,,,,,,,,,,,
,,,,,,,,,,,,,,
,,,,,,,,,,,,,,
,,,,,,,,,,,,,,
,,,,,,,,,,,,,,
,,,,,,,,,,,,,,
,,,,,,,,,,,,,,
,,,,,,,,,,,,,,
,,,,,,,,,,,,,,
,,,,,,,,,,,,,,
,,,,,,,,,,,,,,
,,,,,,,,,,,,,,
,,,,,,,,,,,,,,
,,,,,,,,,,,,,,
,,,,,,,,,,,,,,
,,,,,,,,,,,,,,
,,,,,,,,,,,,,,
,,,,,,,,,,,,,,
,,,,,,,,,,,,,,
,,,,,,,,,,,,,,
,,,,,,,,,,,,,,
,,,,,,,,,,,,,,
,,,,,,,,,,,,,,
,,,,,,,,,,,,,,
,,,,,,,,,,,,,,
,,,,,,,,,,,,,,
,,,,,,,,,,,,,,
,,,,,,,,,,,,,,
,,,,,,,,,,,,,,
,,,,,,,,,,,,,,
,,,,,,,,,,,,,,
,,,,,,,,,,,,,,
,,,,,,,,,,,,,,
,,,,,,,,,,,,,,
,,,,,,,,,,,,,,
,,,,,,,,,,,,,,
,,,,,,,,,,,,,,
,,,,,,,,,,,,,,
,,,,,,,,,,,,,,
,,,,,,,,,,,,,,
,,,,,,,,,,,,,,
,,,,,,,,,,,,,,
,,,,,,,,,,,,,,
,,,,,,,,,,,,,,
,,,,,,,,,,,,,,
,,,,,,,,,,,,,,
,,,,,,,,,,,,,,
,,,,,,,,,,,,,,
,,,,,,,,,,,,,,
,,,,,,,,,,,,,,
,,,,,,,,,,,,,,
,,,,,,,,,,,,,,
,,,,,,,,,,,,,,
,,,,,,,,,,,,,,
,,,,,,,,,,,,,,
,,,,,,,,,,,,,,
,,,,,,,,,,,,,,
,,,,,,,,,,,,,,
,,,,,,,,,,,,,,
,,,,,,,,,,,,,,
,,,,,,,,,,,,,,
,,,,,,,,,,,,,,
,,,,,,,,,,,,,,
,,,,,,,,,,,,,,
,,,,,,,,,,,,,,
,,,,,,,,,,,,,,
,,,,,,,,,,,,,,
,,,,,,,,,,,,,,
,,,,,,,,,,,,,,
,,,,,,,,,,,,,,
,,,,,,,,,,,,,,
,,,,,,,,,,,,,,
,,,,,,,,,,,,,,
,,,,,,,,,,,,,,
,,,,,,,,,,,,,,
,,,,,,,,,,,,,,
,,,,,,,,,,,,,,
,,,,,,,,,,,,,,
,,,,,,,,,,,,,,
,,,,,,,,,,,,,,
,,,,,,,,,,,,,,
,,,,,,,,,,,,,,
,,,,,,,,,,,,,,
,,,,,,,,,,,,,,
,,,,,,,,,,,,,,
,,,,,,,,,,,,,,
,,,,,,,,,,,,,,
,,,,,,,,,,,,,,
,,,,,,,,,,,,,,
,,,,,,,,,,,,,,
,,,,,,,,,,,,,,
,,,,,,,,,,,,,,
,,,,,,,,,,,,,,
,,,,,,,,,,,,,,
,,,,,,,,,,,,,,
,,,,,,,,,,,,,,
,,,,,,,,,,,,,,
,,,,,,,,,,,,,,
,,,,,,,,,,,,,,
,,,,,,,,,,,,,,
,,,,,,,,,,,,,,
,,,,,,,,,,,,,,
,,,,,,,,,,,,,,
,,,,,,,,,,,,,,
,,,,,,,,,,,,,,
,,,,,,,,,,,,,,
,,,,,,,,,,,,,,
,,,,,,,,,,,,,,
,,,,,,,,,,,,,,
,,,,,,,,,,,,,,
,,,,,,,,,,,,,,
,,,,,,,,,,,,,,
,,,,,,,,,,,,,,
,,,,,,,,,,,,,,
,,,,,,,,,,,,,,
,,,,,,,,,,,,,,
,,,,,,,,,,,,,,
,,,,,,,,,,,,,,
,,,,,,,,,,,,,,
,,,,,,,,,,,,,,
,,,,,,,,,,,,,,
,,,,,,,,,,,,,,
,,,,,,,,,,,,,,
,,,,,,,,,,,,,,
,,,,,,,,,,,,,,
,,,,,,,,,,,,,,
,,,,,,,,,,,,,,
,,,,,,,,,,,,,,
,,,,,,,,,,,,,,
,,,,,,,,,,,,,,
,,,,,,,,,,,,,,
,,,,,,,,,,,,,,
,,,,,,,,,,,,,,
,,,,,,,,,,,,,,
,,,,,,,,,,,,,,
,,,,,,,,,,,,,,
,,,,,,,,,,,,,,
,,,,,,,,,,,,,,
,,,,,,,,,,,,,,
,,,,,,,,,,,,,,
,,,,,,,,,,,,,,
,,,,,,,,,,,,,,
,,,,,,,,,,,,,,
,,,,,,,,,,,,,,
,,,,,,,,,,,,,,
,,,,,,,,,,,,,,
,,,,,,,,,,,,,,
,,,,,,,,,,,,,,
,,,,,,,,,,,,,,
,,,,,,,,,,,,,,
,,,,,,,,,,,,,,
,,,,,,,,,,,,,,
,,,,,,,,,,,,,,
,,,,,,,,,,,,,,
,,,,,,,,,,,,,,
,,,,,,,,,,,,,,
,,,,,,,,,,,,,,
,,,,,,,,,,,,,,
,,,,,,,,,,,,,,
,,,,,,,,,,,,,,
,,,,,,,,,,,,,,
,,,,,,,,,,,,,,
,,,,,,,,,,,,,,
,,,,,,,,,,,,,,
,,,,,,,,,,,,,,
,,,,,,,,,,,,,,
,,,,,,,,,,,,,,
,,,,,,,,,,,,,,
,,,,,,,,,,,,,,
,,,,,,,,,,,,,,
,,,,,,,,,,,,,,
,,,,,,,,,,,,,,
,,,,,,,,,,,,,,
,,,,,,,,,,,,,,
,,,,,,,,,,,,,,
,,,,,,,,,,,,,,
,,,,,,,,,,,,,,
,,,,,,,,,,,,,,
,,,,,,,,,,,,,,
,,,,,,,,,,,,,,
,,,,,,,,,,,,,,
,,,,,,,,,,,,,,
,,,,,,,,,,,,,,
,,,,,,,,,,,,,,
,,,,,,,,,,,,,,
,,,,,,,,,,,,,,
,,,,,,,,,,,,,,
,,,,,,,,,,,,,,
,,,,,,,,,,,,,,
,,,,,,,,,,,,,,
,,,,,,,,,,,,,,
,,,,,,,,,,,,,,
,,,,,,,,,,,,,,
,,,,,,,,,,,,,,
,,,,,,,,,,,,,,
,,,,,,,,,,,,,,
,,,,,,,,,,,,,,
,,,,,,,,,,,,,,
,,,,,,,,,,,,,,
,,,,,,,,,,,,,,
,,,,,,,,,,,,,,
,,,,,,,,,,,,,,
,,,,,,,,,,,,,,
,,,,,,,,,,,,,,
,,,,,,,,,,,,,,
,,,,,,,,,,,,,,
,,,,,,,,,,,,,,
,,,,,,,,,,,,,,
,,,,,,,,,,,,,,
,,,,,,,,,,,,,,
,,,,,,,,,,,,,,
,,,,,,,,,,,,,,
,,,,,,,,,,,,,,
,,,,,,,,,,,,,,
,,,,,,,,,,,,,,
,,,,,,,,,,,,,,
,,,,,,,,,,,,,,
,,,,,,,,,,,,,,
,,,,,,,,,,,,,,
,,,,,,,,,,,,,,
,,,,,,,,,,,,,,
,,,,,,,,,,,,,,
,,,,,,,,,,,,,,
,,,,,,,,,,,,,,
,,,,,,,,,,,,,,
,,,,,,,,,,,,,,
,,,,,,,,,,,,,,
,,,,,,,,,,,,,,
,,,,,,,,,,,,,,
,,,,,,,,,,,,,,
,,,,,,,,,,,,,,
,,,,,,,,,,,,,,
,,,,,,,,,,,,,,
,,,,,,,,,,,,,,
,,,,,,,,,,,,,,
,,,,,,,,,,,,,,
,,,,,,,,,,,,,,
,,,,,,,,,,,,,,
,,,,,,,,,,,,,,
,,,,,,,,,,,,,,
,,,,,,,,,,,,,,
,,,,,,,,,,,,,,
,,,,,,,,,,,,,,
,,,,,,,,,,,,,,
,,,,,,,,,,,,,,
,,,,,,,,,,,,,,
,,,,,,,,,,,,,,
,,,,,,,,,,,,,,
,,,,,,,,,,,,,,
,,,,,,,,,,,,,,
,,,,,,,,,,,,,,
,,,,,,,,,,,,,,
,,,,,,,,,,,,,,
,,,,,,,,,,,,,,
,,,,,,,,,,,,,,
,,,,,,,,,,,,,,
,,,,,,,,,,,,,,
,,,,,,,,,,,,,,
,,,,,,,,,,,,,,
,,,,,,,,,,,,,,
,,,,,,,,,,,,,,
,,,,,,,,,,,,,,
,,,,,,,,,,,,,,
,,,,,,,,,,,,,,
,,,,,,,,,,,,,,
,,,,,,,,,,,,,,
,,,,,,,,,,,,,,
,,,,,,,,,,,,,,
,,,,,,,,,,,,,,
,,,,,,,,,,,,,,
,,,,,,,,,,,,,,
,,,,,,,,,,,,,,
,,,,,,,,,,,,,,
,,,,,,,,,,,,,,
,,,,,,,,,,,,,,
,,,,,,,,,,,,,,
,,,,,,,,,,,,,,
,,,,,,,,,,,,,,
,,,,,,,,,,,,,,
,,,,,,,,,,,,,,
,,,,,,,,,,,,,,
,,,,,,,,,,,,,,
,,,,,,,,,,,,,,
,,,,,,,,,,,,,,
,,,,,,,,,,,,,,
,,,,,,,,,,,,,,
,,,,,,,,,,,,,,
,,,,,,,,,,,,,,
,,,,,,,,,,,,,,
,,,,,,,,,,,,,,
,,,,,,,,,,,,,,
,,,,,,,,,,,,,,
,,,,,,,,,,,,,,
,,,,,,,,,,,,,,
,,,,,,,,,,,,,,
,,,,,,,,,,,,,,
,,,,,,,,,,,,,,
,,,,,,,,,,,,,,
,,,,,,,,,,,,,,
,,,,,,,,,,,,,,
,,,,,,,,,,,,,,
,,,,,,,,,,,,,,
,,,,,,,,,,,,,,
,,,,,,,,,,,,,,
,,,,,,,,,,,,,,
,,,,,,,,,,,,,,
,,,,,,,,,,,,,,
,,,,,,,,,,,,,,
,,,,,,,,,,,,,,
,,,,,,,,,,,,,,
,,,,,,,,,,,,,,
,,,,,,,,,,,,,,
,,,,,,,,,,,,,,
,,,,,,,,,,,,,,
,,,,,,,,,,,,,,
,,,,,,,,,,,,,,
,,,,,,,,,,,,,,
,,,,,,,,,,,,,,
,,,,,,,,,,,,,,
,,,,,,,,,,,,,,
,,,,,,,,,,,,,,
,,,,,,,,,,,,,,
,,,,,,,,,,,,,,
,,,,,,,,,,,,,,
,,,,,,,,,,,,,,
,,,,,,,,,,,,,,
,,,,,,,,,,,,,,
,,,,,,,,,,,,,,
,,,,,,,,,,,,,,
,,,,,,,,,,,,,,
,,,,,,,,,,,,,,
,,,,,,,,,,,,,,
,,,,,,,,,,,,,,
,,,,,,,,,,,,,,
,,,,,,,,,,,,,,
,,,,,,,,,,,,,,
,,,,,,,,,,,,,,
,,,,,,,,,,,,,,
,,,,,,,,,,,,,,
,,,,,,,,,,,,,,
,,,,,,,,,,,,,,
,,,,,,,,,,,,,,
,,,,,,,,,,,,,,
,,,,,,,,,,,,,,
,,,,,,,,,,,,,,
,,,,,,,,,,,,,,
,,,,,,,,,,,,,,
,,,,,,,,,,,,,,
,,,,,,,,,,,,,,
,,,,,,,,,,,,,,
,,,,,,,,,,,,,,
,,,,,,,,,,,,,,
,,,,,,,,,,,,,,
,,,,,,,,,,,,,,
,,,,,,,,,,,,,,
,,,,,,,,,,,,,,
,,,,,,,,,,,,,,
,,,,,,,,,,,,,,
,,,,,,,,,,,,,,
,,,,,,,,,,,,,,
,,,,,,,,,,,,,,
,,,,,,,,,,,,,,
,,,,,,,,,,,,,,
,,,,,,,,,,,,,,
,,,,,,,,,,,,,,
,,,,,,,,,,,,,,
,,,,,,,,,,,,,,
,,,,,,,,,,,,,,
,,,,,,,,,,,,,,
,,,,,,,,,,,,,,
,,,,,,,,,,,,,,
,,,,,,,,,,,,,,
,,,,,,,,,,,,,,
,,,,,,,,,,,,,,
,,,,,,,,,,,,,,
,,,,,,,,,,,,,,
,,,,,,,,,,,,,,
,,,,,,,,,,,,,,
,,,,,,,,,,,,,,
,,,,,,,,,,,,,,
,,,,,,,,,,,,,,
,,,,,,,,,,,,,,
,,,,,,,,,,,,,,
,,,,,,,,,,,,,,
,,,,,,,,,,,,,,
,,,,,,,,,,,,,,
,,,,,,,,,,,,,,
,,,,,,,,,,,,,,
,,,,,,,,,,,,,,
,,,,,,,,,,,,,,
,,,,,,,,,,,,,,
,,,,,,,,,,,,,,
,,,,,,,,,,,,,,
,,,,,,,,,,,,,,
,,,,,,,,,,,,,,
,,,,,,,,,,,,,,
,,,,,,,,,,,,,,
,,,,,,,,,,,,,,
,,,,,,,,,,,,,,
,,,,,,,,,,,,,,
,,,,,,,,,,,,,,
,,,,,,,,,,,,,,
,,,,,,,,,,,,,,
,,,,,,,,,,,,,,
,,,,,,,,,,,,,,
,,,,,,,,,,,,,,
,,,,,,,,,,,,,,
,,,,,,,,,,,,,,
,,,,,,,,,,,,,,
,,,,,,,,,,,,,,
,,,,,,,,,,,,,,
,,,,,,,,,,,,,,
,,,,,,,,,,,,,,
,,,,,,,,,,,,,,
,,,,,,,,,,,,,,
,,,,,,,,,,,,,,
,,,,,,,,,,,,,,
,,,,,,,,,,,,,,
,,,,,,,,,,,,,,
,,,,,,,,,,,,,,
